1,Alice,@alice,2,3,4
2,Bob,@bob,1,3,5
3,Carol,@carol,1,2,6
4,Dave,@dave,1,7,8
5,Eve,@eve,2,9,10
6,Frank,@frank,3,11,12
7,Grace,@grace,4,13,14
8,Heidi,@heidi,4,15,16
9,Ivan,@ivan,5,17,18
10,Judy,@judy,5,19,20
11,Kyle,@kyle,6,21,22
12,Liam,@liam,6,23,24
13,Mia,@mia,7,25,26
14,Noah,@noah,7,27,28
15,Olivia,@olivia,8,29,30
16,Peter,@peter,8,31,32
17,Quinn,@quinn,9,33,34
18,Rachel,@rachel,9,35,36
19,Sam,@sam,10,37,38
20,Tina,@tina,10,39,40
21,Uma,@uma,11,41,42
22,Vince,@vince,11,43,44
23,Walter,@walter,12,45,46
24,Xavier,@xavier,12,47,48
25,Yara,@yara,13,49,50
26,Zane,@zane,13
27,Amy,@amy,14
28,Brian,@brian,14
29,Claire,@claire,15
30,Dan,@dan,15
31,Ella,@ella,16
32,Fred,@fred,16
33,Gina,@gina,17
34,Hank,@hank,17
35,Iris,@iris,18
36,Jake,@jake,18
37,Kate,@kate,19
38,Leo,@leo,19
39,Mona,@mona,20
40,Nick,@nick,20
41,Owen,@owen,21
42,Pam,@pam,21
43,Quincy,@quincy,22
44,Rene,@rene,22
45,Sylvia,@sylvia,23
46,Todd,@todd,23
47,Ursula,@ursula,24
48,Victor,@victor,24
49,Wendy,@wendy,25
50,Zelda,@zelda,25
